"конвекторы","ag 10297","Конвектор Element PH-1503MK","1217.0000","","1","50.0000"
"конвекторы","ag 10298","Конвектор Element PH-2003MK","1350.0000","","1","50.0000"
"конвекторы","ag 11665","Конвектор Element CE-1505LKS","1720.0000","","1","50.0000"
"тачки","ag 12540","Тачка cадово-строительная Vitals 65 л / 100 кг","468.0000","","1","50.0000"
"тачки","ag 12541","Тачка cадово-строительная Vitals 100 л / 150 кг","754.0000","","1","50.0000"
"тачки","ag 12543","Тачка cадово-строительная Vitals 65 л / 130 кг","805.0000","","1","50.0000"
"тачки","ag 12702","Тачка cадово-строительная Vitals 100 л / 180 кг","758.0000","","1","50.0000"
"бетономешалки","ag 13217","Бетономешалка Кентавр БМ-75","2860.0000","","0","0.0000"
"бетономешалки","ag 13222","Бетономешалка Кентавр БМ-140П","5405.0000","","1","50.0000"
"тачки","ag 13354","Тачка cадово-строительная Vitals 75 л / 150 кг","587.0000","","1","50.0000"
"тачки","ag 13355","Тачка cадово-строительная Vitals 85 л / 150 кг","905.0000","","1","50.0000"
"конвекторы","ag 14111","Конвектор Element CE-2009MTS","1985.0000","","1","50.0000"
"конвекторы","ag 14112","Конвектор Element CE-2409MTS","2117.0000","","1","50.0000"
"тепловентиляторы электрические","ag 14192","Тепловая пушка Vitals EH-50","1811.0000","","1","50.0000"
"тепловентиляторы электрические","ag 14193","Тепловая пушка Vitals EH-90","2657.0000","","1","50.0000"
"конвекторы","ag 14204","Конвектор Element CE-2011S","1416.0000","","1","50.0000"
"бензиновые генераторы","ag 14759","Бензогенератор Vitals ERS 2.0b","7193.0000","","1","5.0000"
"бензиновые генераторы","ag 14760","Бензогенератор Vitals ERS 2.5b","7804.0000","","1","50.0000"
"бензиновые генераторы","ag 14761","Бензогенератор Vitals Master EST 2.5b","9697.0000","","1","50.0000"
"бензиновые генераторы","ag 14763","Бензогенератор Vitals ERS 5.0b","15958.0000","","0","0.0000"
"бензиновые генераторы","ag 14764","Бензогенератор Vitals Master EST 5.0b","17821.0000","","0","0.0000"
"бензиновые генераторы","ag 14766","Бензогенератор Vitals Master EST 8.5b","48485.0000","","1","5.0000"
"тачки","ag 16143","Тачка cадово-строительная Vitals 100 л / 250 кг","920.0000","","1","50.0000"
"тачки","ag 16144","Тачка cадово-строительная Vitals 110 л / 250 кг","1541.0000","","0","0.0000"
"лестницы","ag 16149","Лестница трансформер Кентавр 4х3","1718.0000","","1","50.0000"
"лестницы","ag 16150","Стремянка алюминиевая Кентавр 3С","460.0000","","1","50.0000"
"лестницы","ag 16151","Стремянка алюминиевая Кентавр 4С","539.0000","","1","50.0000"
"лестницы","ag 16152","Стремянка алюминиевая Кентавр 5С","658.0000","","1","50.0000"
"сварочные инверторы mma","ag 16165","Сварочный инвертор Vitals Professional Mi 200m","4365.0000","","0","0.0000"
"сварочные инверторы mma","ag 16166","Сварочный инвертор Vitals Professional Mi 200md","4486.0000","","1","50.0000"
"сварочные инверторы mma","ag 16167","Сварочный аппарат инвертор Кентавр СВ-210М","3349.0000","","0","0.0000"
"сварочные инверторы mma","ag 16214","Сварочный аппарат инвертор Кентавр СВ-200С","2870.0000","","0","0.0000"
"бензиновые генераторы","ag 16450","Бензогенератор Vitals Master EST 5.8ba","19714.0000","","1","50.0000"
"электрические цепные пилы","ag 16595","Электропила Кентавр СП-224","1750.0000","","0","0.0000"
"электрические цепные пилы","ag 16596","Электропила Vitals Master EKZ 2440","2126.0000","","1","50.0000"
"лестницы","ag 16806","Лестница трансформер Кентавр 4х4","2184.0000","","1","50.0000"
"сварочные инверторы mma","ag 17122","Сварочный аппарат инвертор Кентавр СВ-250С","4425.0000","","0","0.0000"
"сварочные инверторы mma","ag 17123","Сварочный аппарат инвертор Кентавр СВ-230С","3917.0000","","0","0.0000"
"лестницы","ag 17155","Лестница универсальная телескопическая Кентавр 4х3","2303.0000","","0","0.0000"
"лестницы","ag 17156","Лестница универсальная телескопическая Кентавр 4х4","1616.0000","","0","0.0000"
"лестницы","ag 17157","Лестница универсальная телескопическая Кентавр 4х5","2592.0000","","1","5.0000"
"лестницы","ag 17158","Стремянка трансформер Кентавр ЗТР","1907.0000","","0","0.0000"
"лестницы","ag 17159","Лестница приставная телескопическая Кентавр 10Т","2190.0000","","1","5.0000"
"лестницы","ag 17160","Лестница приставная телескопическая Кентавр 12Т","2595.0000","","1","5.0000"
"бензиновые цепные пилы","ag 17257","Бензопила Кентавр БП-5826Н","1409.0000","","0","0.0000"
"бензиновые цепные пилы","ag 17258","Бензопила Кентавр БП-5224Н","1348.0000","","0","0.0000"
"бензиновые цепные пилы","ag 17259","Бензопила Кентавр БП-4520Н","1284.0000","","0","0.0000"
"бензиновые генераторы","ag 17301","Бензогенератор Vitals ERS 2.0bg","7804.0000","","1","50.0000"
"бензиновые генераторы","ag 17302","Бензогенератор Vitals Master EST 2.0bg","9551.0000","","1","50.0000"
"бензиновые генераторы","ag 17304","Бензогенератор Vitals Master EST 2.8bg","11561.0000","","1","50.0000"
"сварочные инверторы mma","ag 17397","Сварочный аппарат инвертор Кентавр СВ-200СК","3020.0000","","0","0.0000"
"зарядные устройства","ag 17447","Зарядное устройство Кентавр ЗУ-65СП","725.0000","","0","0.0000"
"зарядные устройства","ag 17448","Зарядное устройство Кентавр ЗУ-160СП","859.0000","","0","0.0000"
"зарядные устройства","ag 17449","Зарядное устройство Кентавр ЗУ-200СП","999.0000","","0","0.0000"
"зарядные устройства","ag 17450","Зарядное устройство Кентавр ЗУ-65С","676.0000","","0","0.0000"
"зарядные устройства","ag 17451","Зарядное устройство Кентавр ЗУ-160С","766.0000","","0","0.0000"
"зарядные устройства","ag 17452","Зарядное устройство Кентавр ЗУ-200С","900.0000","","0","0.0000"
"пуско-зарядные устройства","ag 17453","Пуско-зарядное устройство Кентавр ПЗУ-120СП","1657.0000","","0","0.0000"
"пуско-зарядные устройства","ag 17454","Пуско-зарядное устройство Кентавр ПЗУ-150СП","1782.0000","","0","0.0000"
"пуско-зарядные устройства","ag 17455","Пуско-зарядное устройство Кентавр ПЗУ-400СП","2784.0000","","1","50.0000"
"пуско-зарядные устройства","ag 17456","Пуско-зарядное устройство Кентавр ПЗУ-500СП","3189.0000","","0","0.0000"
"пуско-зарядные устройства","ag 17457","Пуско-зарядное устройство Кентавр ПЗУ-600С","3285.0000","","0","0.0000"
"лестницы","ag 17461","Лестница приставная Кентавр 1х8","706.0000","","0","0.0000"
"лестницы","ag 17462","Лестница приставная Кентавр 1х10","987.0000","","0","0.0000"
"лестницы","ag 17463","Лестница приставная Кентавр 1х12","1002.0000","","0","0.0000"
"лестницы","ag 17464","Лестница приставная Кентавр 1х14","1156.0000","","1","50.0000"
"лестницы","ag 17465","Лестница приставная Кентавр 1х16","1281.0000","","1","50.0000"
"лестницы","ag 17466","Лестница приставная Кентавр 1х18","1500.0000","","1","50.0000"
"лестницы","ag 17467","Лестница приставная Кентавр 1х20","1624.0000","","1","50.0000"
"лестницы","ag 17468","Лестница универсальная Кентавр 2х6","1281.0000","","1","5.0000"
"лестницы","ag 17469","Лестница универсальная Кентавр 2х8","1974.0000","","0","0.0000"
"лестницы","ag 17470","Лестница универсальная Кентавр 2х10","2452.0000","","0","0.0000"
"лестницы","ag 17471","Лестница универсальная Кентавр 2х12","2321.0000","","1","5.0000"
"сварочные маски","ag 38810","Сварочная маска Кентавр СМ-251 хамелеон","789.0000","","0","0.0000"
"лестницы","ag 39854","Стремянка алюминиевая Кентавр 6С","837.0000","","1","50.0000"
"лестницы","ag 39855","Стремянка алюминиевая Кентавр 7С","958.0000","","0","0.0000"
"лестницы","ag 39856","Стремянка алюминиевая Кентавр 8С","1040.0000","","0","0.0000"
"бетономешалки","ag 39942","Бетономешалка Кентавр БМ-125СП","3375.0000","","0","0.0000"
"бетономешалки","ag 39943","Бетономешалка Кентавр БМ-160СП","4204.0000","","0","0.0000"
"бетономешалки","ag 39944","Бетономешалка Кентавр БМ-180СП","4376.0000","","0","0.0000"
"бетономешалки","ag 39945","Бетономешалка Кентавр БМ-200СП","5205.0000","","1","50.0000"
"мотокосы","ag 40050","Мотокоса Кентавр МК-4324Н","1689.0000","","0","0.0000"
"мотокосы","ag 40051","Мотокоса Кентавр МК-4324НК","1736.0000","","0","0.0000"
"мотокосы","ag 40052","Мотокоса Кентавр МК-5232НК","1864.0000","","0","0.0000"
"шуруповерты аккумуляторные","ag 40255","Шуруповёрт аккумуляторный Vitals Master AUmo 12/2dn","972.0000","","1","50.0000"
"шуруповерты аккумуляторные","ag 40256","Шуруповёрт аккумуляторный Vitals Master AUmo 14/2dn","1030.0000","","1","50.0000"
"шуруповерты аккумуляторные","ag 40257","Шуруповёрт аккумуляторный Vitals Master AUmo 18/2dn","1173.0000","","0","0.0000"
"шуруповерты аккумуляторные","ag 40258","Шуруповёрт аккумуляторный Vitals Master AUmd 12/2dn","1002.0000","","1","50.0000"
"шуруповерты аккумуляторные","ag 40259","Шуруповёрт аккумуляторный Vitals Master AUmd 14/2dn","1115.0000","","1","50.0000"
"шуруповерты аккумуляторные","ag 40260","Шуруповёрт аккумуляторный Vitals Master AUmd 18/2dn","1230.0000","","0","0.0000"
"шуруповерты аккумуляторные","ag 40261","Шуруповёрт аккумуляторный Vitals Master AUmo 12/2dli","1230.0000","","0","0.0000"
"шуруповерты аккумуляторные","ag 40262","Шуруповёрт аккумуляторный Vitals Master AUmo 14/2dli","1430.0000","","0","0.0000"
"бензиновые цепные пилы","ag 40292","Бензопила Vitals Master BKZ 5022o","2251.0000","","1","50.0000"
"бензиновые цепные пилы","ag 40293Р","Бензопила Vitals Master BKZ 5823o","2315.0000","","1","50.0000"
"бензиновые цепные пилы","ag 40294","Бензопила Vitals Master BKZ 5823os","2362.0000","","1","50.0000"
"мотокосы","ag 40296","Мотокоса Vitals BK4314o","2033.0000","","0","0.0000"
"мотокосы","ag 40297","Мотокоса Vitals BK4919o","2129.0000","","0","0.0000"
"электрические цепные пилы","ag 40299","Электропила Кентавр СП-204","1439.0000","","1","50.0000"
"триммеры","ag 40300","Триммер электрический Vitals Master EZT 053s","940.0000","","1","1.0000"
"электрокосы","ag 40304","Электрокоса Vitals Master EZT-124s","1689.0000","","0","0.0000"
"электрокосы","ag 40305","Электрокоса Vitals Master EZT-124vs","1782.0000","","1","50.0000"
"сварочные инверторы mma","ag 40338","Сварочный инвертор Vitals Professional Mi 200da","4754.0000","","1","50.0000"
"сварочные инверторы mma","ag 40339","Сварочный инвертор Vitals Professional Mi 225da","5143.0000","","0","0.0000"
"сварочные инверторы mma","ag 40740","Сварочный инвертор Vitals Professional Mi 165mt","4096.0000","","1","50.0000"
"сварочные инверторы mma","ag 40741","Сварочный инвертор Vitals Professional Mi 160mt","3678.0000","","1","50.0000"
"сварочные инверторы mma","ag 40742","Сварочный инвертор Vitals Professional Mi 175mt","4096.0000","","1","50.0000"
"сварочные инверторы mma","ag 40743","Сварочный инвертор Vitals Professional Mi 200mt","4365.0000","","1","50.0000"
"бетономешалки","ag 40896","Бетономешалка Кентавр БМ-140СП","3832.0000","","1","50.0000"
"бензиновые цепные пилы","ag 41309","Бензопила Vitals Professional BKZ 4620r","2662.0000","","1","50.0000"
"бензиновые цепные пилы","ag 41310","Бензопила Vitals Professional BKZ 5022r","2787.0000","","1","50.0000"
"бензиновые цепные пилы","ag 41311","Бензопила Vitals Professional BKZ 5022rm (20"")","3130.0000","","0","0.0000"
"мотокосы","ag 41312","Мотокоса Vitals Master BK4314r","2376.0000","","1","50.0000"
"мотокосы","ag 41313","Мотокоса Vitals Master BK4917r","2440.0000","","0","0.0000"
"сварочные инверторы mma","ag 41370","Сварочный инвертор Vitals Master Mi 3.2n MICRO","3199.0000","","1","50.0000"
"сварочные инверторы mma","ag 41376","Сварочный инвертор Vitals Master Mi 4.0n MICRO","3498.0000","","0","0.0000"
"сварочные инверторы mma","ag 41377","Сварочный инвертор Vitals Master Mi 5.0n MICRO","4096.0000","","0","0.0000"
"бензиновые генераторы","ag 41451","Бензогенератор Кентавр КБГ-078","2660.0000","","1","50.0000"
"бензиновые генераторы","ag 41452","Бензогенератор Кентавр КБГ-112","4148.0000","","1","50.0000"
"бензиновые генераторы","ag 41453","Бензогенератор Кентавр КБГ-089","3718.0000","","1","50.0000"
"бензиновые генераторы","ag 41454","Бензогенератор Кентавр КБГ-202","4462.0000","","1","50.0000"
"бензиновые генераторы","ag 41455","Бензогенератор Кентавр КБГ-258","5062.0000","","1","50.0000"
"бензиновые генераторы","ag 41456","Бензогенератор Кентавр КБГ-258Э","5691.0000","","1","50.0000"
"бензиновые генераторы","ag 41457","Бензогенератор Кентавр КБГ-505Э","11211.0000","","1","50.0000"
"шуруповерты аккумуляторные","ag 41709","Шуруповёрт аккумуляторный Vitals Professional Aupo 10/2nli","1633.0000","","1","50.0000"
"шуруповерты аккумуляторные","ag 41710","Шуруповёрт аккумуляторный Vitals Professional Aupo 14/2nli","1815.0000","","0","0.0000"
"шуруповерты аккумуляторные","ag 41711","Шуруповёрт аккумуляторный Vitals Professional Aupo 18/2nli","1973.0000","","0","0.0000"
"высоторезы электрические","ag 41715","Высоторез электрический Vitals Master EA7125s","2097.0000","","1","50.0000"
"станки для заточки цепи","ag 41717","Станок для заточки цепей Кентавр СЗ-100","643.0000","","1","50.0000"
"перфораторы","ag 41808","Перфоратор Vitals Master Ra 2462HB","1133.0000","","0","0.0000"
"перфораторы","ag 41809","Перфоратор Vitals Master Ra 2680HB","1334.0000","","0","0.0000"
"перфораторы","ag 41810","Перфоратор Vitals Master Ra 2882HB","1334.0000","","0","0.0000"
"перфораторы","ag 41811","Перфоратор Vitals Master Ra 2882HBp","1540.0000","","0","0.0000"
"тепловентиляторы электрические","ag 42159","Тепловая пушка Vitals EH-300","7849.0000","","0","0.0000"
"обогреватели дизельные","ag 42160","Дизельный обогреватель Vitals DH-200","6084.0000","","1","50.0000"
"обогреватели дизельные","ag 42161","Дизельный обогреватель Vitals DH-300","8940.0000","","1","50.0000"
"бензиновые генераторы","ag 42349","Бензогенератор Vitals Master EST 6.0bng","20326.0000","","1","5.0000"
"бензиновые генераторы","ag 42350","Бензогенератор Vitals ERS 2.0bng","7979.0000","","1","50.0000"
"бензиновые генераторы","ag 42351","Бензогенератор Vitals ERS 2.8bng","10163.0000","","1","50.0000"
"бензиновые цепные пилы","ag 42555","Бензопила Кентавр БП-4520Н (2 шины, 2 цепи)","1836.0000","","0","0.0000"
"дизельные генераторы","ag 42590","Дизельный генератор Кентавр КДГ-505ЭК","17189.0000","","1","50.0000"
"угловые шлифмашины","ag 43105","Угловая шлифмашина болгарка Vitals Master Ls 1286HLv","831.0000","","0","0.0000"
"угловые шлифмашины","ag 43106","Угловая шлифмашина болгарка Vitals Master Ls 1272HL","786.0000","","1","50.0000"
"угловые шлифмашины","ag 43107","Угловая шлифмашина болгарка Vitals Master Ls 2323HL","2033.0000","","0","0.0000"
"циркулярные пилы","ag 43108","Циркулярная пила Vitals Master Rg 2320HLa","1680.0000","","0","0.0000"
"циркулярные пилы","ag 43109","Циркулярная пила Vitals Master Rg 2520HL","1740.0000","","0","0.0000"
"дрели","ag 43110","Дрель Vitals Master Um 1045HL","520.0000","","1","50.0000"
"ударные дрели","ag 43111","Дрель ударная Vitals Master Et 1380HL","759.0000","","1","50.0000"
"вибрационные шлифмашины","ag 43112","Шлифмашинка вибрационная Vitals Es9323HL","756.0000","","1","50.0000"
"монтажные пилы","ag 43114","Монтажная пила Vitals Master Gr 3525HL","2359.0000","","1","50.0000"
"сварочные инверторы mma","ag 43157","Сварочный аппарат инвертор Кентавр СВ-250РД","4455.0000","","1","50.0000"
"бензиновые цепные пилы","ag 43263","Бензопила Vitals Master BKZ 4519o","2065.0000","","1","50.0000"
"бензиновые цепные пилы","ag 43264","Бензопила Vitals Master BKZ 4014o","2001.0000","","0","0.0000"
"бензиновые генераторы","ag 43568Р","Бензогенератор Vitals Master EST 2.8b","10163.0000","","1","50.0000"
"мотокосы","ag 43584","Мотокоса Кентавр МК-5232Н","1750.0000","","0","0.0000"
"бетономешалки","ag 43921","Бетономешалка Кентавр БМ-125М","3375.0000","","0","0.0000"
"бетономешалки","ag 43922","Бетономешалка Кентавр БМ-160М","4204.0000","","0","0.0000"
"бетономешалки","ag 43923","Бетономешалка Кентавр БМ-180М","4376.0000","","0","0.0000"
"измельчители веток","ag 44099","Измельчитель веток Vitals Master Zs 2540y","4290.0000","","1","50.0000"
"садовые пылесосы электрические","ag 44101","Садовый пылесос Vitals Master Lp 2412y","993.0000","","0","0.0000"
"ударные дрели","ag 44110","Дрель ударная Vitals Et 1350KN","443.0000","","0","0.0000"
"ударные дрели","ag 44111","Дрель ударная Vitals Et 1360KNc","484.0000","","1","50.0000"
"ударные дрели","ag 44112","Дрель ударная Vitals Et 1375KN","565.0000","","1","49.0000"
"ударные дрели","ag 44113","Дрель ударная Vitals Et 1381KN","619.0000","","1","50.0000"
"угловые шлифмашины","ag 44114","Угловая шлифмашина болгарка Vitals Ls 1265KN","484.0000","","0","0.0000"
"угловые шлифмашины","ag 44115","Угловая шлифмашина болгарка Vitals Ls 1280KN","565.0000","","0","0.0000"
"угловые шлифмашины","ag 44116","Угловая шлифмашина болгарка Vitals Ls 1290KN","598.0000","","0","0.0000"
"угловые шлифмашины","ag 44117","Угловая шлифмашина болгарка Vitals Ls 2320KN","1202.0000","","1","50.0000"
"дрели","ag 44118","Дрель Vitals Um 1050KN","440.0000","","1","50.0000"
"мотокосы","ag 44352","Мотокоса Vitals BK3108-4o","2970.0000","","0","0.0000"
"тачки","ag 44385","Тачка cадово-строительная Vitals 100 л / 190 кг (зеленая рама)","870.0000","","1","50.0000"
"бетономешалки","ag 44411Р","Бетономешалка Кентавр БМ-140ПВ","5548.0000","","1","50.0000"
"лестницы","ag 44669","Лестница трансформер Кентавр 4х3м","1999.0000","","0","0.0000"
"лестницы","ag 44670","Лестница трансформер Кентавр 4х4м","2484.0000","","0","0.0000"
"стойки для угловых шлифмашин","ag 44688","Стойка для болгарки Vitals Sls 230J","574.0000","","0","0.0000"
"стойки для угловых шлифмашин","ag 44689","Стойка для болгарки Vitals Sls 230Ja","1232.0000","","0","0.0000"
"стойки для угловых шлифмашин","ag 44690","Стойка для болгарки Vitals Sls 125J","437.0000","","0","0.0000"
"ударные дрели","ag 44691","Дрель ударная Vitals Master Et 2105YED","1286.0000","","0","0.0000"
"ударные дрели","ag 44692","Дрель ударная Vitals Master Et 2850YE","948.0000","","1","50.0000"
"ударные дрели","ag 44693","Дрель ударная Vitals Master Et 2650YE","679.0000","","1","50.0000"
"дрели","ag 44694","Дрель Vitals Master Um 2750YE","960.0000","","1","50.0000"
"вертикальные фрезеры","ag 44695","Фрезер Vitals-Master Ev 1216YE","1447.0000","","0","0.0000"
"бензиновые генераторы","ag 44892","Бензогенератор Кентавр КБГ-283","5520.0000","","1","50.0000"
"бензиновые генераторы","ag 44893","Бензогенератор Кентавр КБГ-258а","4462.0000","","0","0.0000"
"бензиновые генераторы","ag 44894","Бензогенератор Кентавр КБГ-605Э/3","13270.0000","","1","50.0000"
"бензиновые генераторы","ag 45141","Бензогенератор Кентавр КБГ-505","9838.0000","","1","50.0000"
"дизельные генераторы","ag 45142","Дизельный генератор Кентавр КДГ-283К","12984.0000","","0","0.0000"
"дизельные генераторы","ag 45143","Дизельный генератор Кентавр КДГ-283ЭК","14271.0000","","1","50.0000"
"дизельные генераторы","ag 45144","Дизельный генератор Кентавр КДГ-505ЭК/3","16588.0000","","1","50.0000"
"бензиновые генераторы","ag 45321","Бензогенератор Кентавр КБГ-505ЭКР","11526.0000","","1","50.0000"
"сварочные маски","ag 45483","Сварочная маска Кентавр СМ-301 хамелеон","408.0000","","1","50.0000"
"сварочные маски","ag 45484","Сварочная маска Кентавр СМ-302Р хамелеон","469.0000","","0","0.0000"
"сварочные маски","ag 45485","Сварочная маска Кентавр СМ-303Р хамелеон","649.0000","","1","50.0000"
"сварочные маски","ag 45486","Сварочная маска Кентавр СМ-304РС хамелеон","850.0000","","0","0.0000"
"сварочные маски","ag 45489","Сварочная маска Кентавр СМ-11-5","67.0000","","0","0.0000"
"бензиновые генераторы","ag 45676","Бензогенератор Кентавр КБГ-605Э","12756.0000","","1","50.0000"
"перфораторы","ag 45764","Перфоратор Vitals Master Ra 3212DS","1752.0000","","0","0.0000"
"перфораторы","ag 45765","Перфоратор Vitals Master Ra 2685DS","1384.0000","","0","0.0000"
"строительные миксеры","ag 45766","Дрель-миксер Vitals Master Em 1285BR","1459.0000","","0","0.0000"
"обогреватели дизельные","ag 45778","Дизельный обогреватель Vitals DHC-801","60100.0000","","1","50.0000"
"обогреватели дизельные","ag 45779","Дизельный обогреватель Vitals DHC-201","24548.0000","","1","50.0000"
"обогреватели дизельные","ag 45781Р","Дизельный обогреватель Vitals DHC-501","55375.0000","","1","50.0000"
"обогреватели газовые","ag 45782Р","Газовый обогреватель Vitals GH-151","2536.0000","","1","50.0000"
"обогреватели газовые","ag 45783Р","Газовый обогреватель Vitals GH-301","3019.0000","","0","0.0000"
"обогреватели газовые","ag 45784Р","Газовый обогреватель Vitals GH-501","4364.0000","","0","0.0000"
"бетономешалки","ag 45793","Бетономешалка Кентавр БМ-140М","4061.0000","","0","0.0000"
"угловые шлифмашины","ag 46019","Угловая шлифмашина болгарка Vitals Master Ls 1512HL","1112.0000","","1","50.0000"
"угловые шлифмашины","ag 46020","Угловая шлифмашина болгарка Vitals Master Ls 1814HLv","1226.0000","","1","50.0000"
"угловые шлифмашины","ag 46021","Угловая шлифмашина болгарка Vitals Master Ls 2320HL","1854.0000","","1","50.0000"
"бензиновые цепные пилы","ag 46169","Бензопила Кентавр БП-4521ТН","1314.0000","","0","0.0000"
"бензиновые цепные пилы","ag 46170","Бензопила Кентавр БП-5225ТН","1377.0000","","0","0.0000"
"бензиновые цепные пилы","ag 46171","Бензопила Vitals BKZ 4517n","1596.0000","","1","50.0000"
"бензиновые цепные пилы","ag 46172","Бензопила Vitals BKZ 5222n","1689.0000","","1","50.0000"
"сварочные инверторы mma","ag 46278","Сварочный аппарат инвертор Кентавр СВ-200ТД форсаж","2571.0000","","0","0.0000"
"шуруповерты сетевые","ag 46809","Шуруповерт сетевой Vitals Us 1030MG","556.0000","","1","50.0000"
"мотокосы","ag 47303","Мотокоса Кентавр МК-4331Т","1721.0000","","0","0.0000"
"мотокосы","ag 47304","Мотокоса Кентавр МК-5236Т","1785.0000","","1","50.0000"
"мотокосы","ag 47305","Мотокоса Кентавр МК-4331ТК","1768.0000","","1","50.0000"
"мотокосы","ag 47306","Мотокоса Кентавр МК-5236ТК","1832.0000","","0","0.0000"
"мотокосы","ag 47307","Мотокоса Кентавр МК-5240ТК","2033.0000","","1","20.0000"
"поверхностные насосы","ag 47564","Насос поверхностный вихревой Vitals aqua PQ 435e","1028.0000","","1","50.0000"
"поверхностные насосы","ag 47565","Насос поверхностный вихревой Vitals aqua PQ 845e","1618.0000","","1","50.0000"
"поверхностные насосы","ag 47566","Насос поверхностный центробежный Vitals aqua CP 670e","1618.0000","","1","50.0000"
"поверхностные насосы","ag 47568","Насос поверхностный центробежный Vitals aqua CP 1111e","2311.0000","","0","0.0000"
"поверхностные насосы","ag 47569","Насос поверхностный струйный Vitals aqua J 745e","1964.0000","","1","50.0000"
"поверхностные насосы","ag 47570","Насос поверхностный струйный Vitals aqua J 950e","2042.0000","","1","50.0000"
"поверхностные насосы","ag 47571","Насос поверхностный струйный Vitals aqua J 1055e","2234.0000","","1","50.0000"
"поверхностные насосы","ag 47572","Насос поверхностный струйный Vitals aqua JW 755e","1964.0000","","1","50.0000"
"поверхностные насосы","ag 47573","Насос поверхностный струйный Vitals aqua JW 1060e","2311.0000","","1","50.0000"
"поверхностные насосы","ag 47574","Насос поверхностный струйный Vitals aqua JW 1170e","2388.0000","","1","50.0000"
"поверхностные насосы","ag 47575","Насос поверхностный струйный Vitals aqua JS 745e","2042.0000","","1","50.0000"
"поверхностные насосы","ag 47576","Насос поверхностный струйный Vitals aqua JS 1050e","2273.0000","","1","50.0000"
"дренажные насосы","ag 47607","Насос погружной дренажный для чистой воды Vitals aqua DT 307s","1109.0000","","1","50.0000"
"дренажные насосы","ag 47608","Насос погружной дренажный для чистой воды Vitals aqua DT 613s","1333.0000","","1","50.0000"
"дренажные насосы","ag 47609","Насос погружной дренажный для грязной воды Vitals aqua DP 713s","1368.0000","","1","50.0000"
"дренажные насосы","ag 47610","Насос погружной дренажный для грязной воды Vitals aqua DPS 713s","2072.0000","","1","50.0000"
"дренажно-фекальные насосы","ag 47611","Насос погружной дренажно-фекальный Vitals aqua KC 711o","2850.0000","","0","0.0000"
"дренажно-фекальные насосы","ag 47612","Насос погружной дренажно-фекальный Vitals aqua KC 914o","2997.0000","","1","50.0000"
"дренажно-фекальные насосы","ag 47613","Насос погружной дренажно-фекальный Vitals aqua KCG 913o","3852.0000","","1","50.0000"
"скважинные насосы","ag 47614","Насос скважинный шнековый Vitals aqua 3.5DS 1048-0.5r","2350.0000","","1","50.0000"
"скважинные насосы","ag 47615","Насос скважинный шнековый Vitals aqua 4DS 1260-0.75r","2427.0000","","1","50.0000"
"скважинные насосы","ag 47616","Насос скважинный шнековый Vitals aqua 4DS 2053-0.85r","2696.0000","","1","50.0000"
"скважинные насосы","ag 47617","Насос скважинный шнековый Vitals aqua 4DS 1578-1.1r","3328.0000","","1","50.0000"
"скважинные насосы","ag 47618","Насос скважинный вихревой Vitals aqua 4DV 2023-0.75r","3505.0000","","1","50.0000"
"скважинные насосы","ag 47619","Насос скважинный вихревой Vitals aqua 4DV 2032-1.3r","5162.0000","","1","50.0000"
"скважинные насосы","ag 47620","Насос скважинный центробежный Vitals aqua 3.5DC 1542-0.65r","3582.0000","","1","50.0000"
"скважинные насосы","ag 47621","Насос скважинный центробежный Vitals aqua 3.5DC 1563-0.9r","4237.0000","","1","50.0000"
"скважинные насосы","ag 47622","Насос скважинный центробежный Vitals aqua 3.5DC 1096-1.2r","5393.0000","","1","50.0000"
"электрокосы","ag 47632","Электрокоса Кентавр СК-1238Е","1377.0000","","1","50.0000"
"бензиновые цепные пилы","ag 47636","Бензопила Кентавр БП-5827ТН","1439.0000","","0","0.0000"
"электрокосы","ag 47664","Электрокоса Кентавр СК-1438Е","1439.0000","","0","0.0000"
"электрокосы","ag 47665","Электрокоса Vitals Master EZT-124vrs","1846.0000","","1","49.0000"
"электрические цепные пилы","ag 47666","Электропила Vitals Master EKZ 2245","2033.0000","","1","50.0000"
"триммеры","ag 47690","Триммер электрический Vitals Master EZT 033m","714.0000","","0","0.0000"
"триммеры","ag 47691","Триммер электрический Vitals EZT 032m","472.0000","","0","0.0000"
"поверхностные насосы","ag 47950","Насос поверхностный центробежный Vitals aqua CP 1010e","2157.0000","","0","0.0000"
"мотокосы","ag 47951","Мотокоса Vitals Master BK5222a","2315.0000","","0","0.0000"
"мотокосы","ag 47952","Мотокоса Vitals Professional BK5223a","2565.0000","","0","0.0000"
"бензиновые цепные пилы","ag 48103","Бензопила Кентавр БП-4521ТН (2 шины, 2 цепи)","1471.0000","","1","49.0000"
"компрессоры","ag 48626","Компрессор Кентавр КП-2015В","1971.0000","","0","0.0000"
"компрессоры","ag 48627","Компрессор Кентавр КП-2420В","2095.0000","","1","50.0000"
"компрессоры","ag 48628","Компрессор Кентавр КП-2425В","2408.0000","","1","50.0000"
"компрессоры","ag 48629","Компрессор Кентавр КП-5020В","2627.0000","","1","50.0000"
"компрессоры","ag 48630","Компрессор Кентавр КП-5025В","2970.0000","","0","0.0000"
"сварочные инверторы mma","ag 48631","Сварочный аппарат инвертор Кентавр СВ-200ТР","1564.0000","","0","0.0000"
"сварочные инверторы mma","ag 48632","Сварочный аппарат инвертор Кентавр СВ-210ТП","1721.0000","","1","50.0000"
"сварочные инверторы mma","ag 48633","Сварочный аппарат инвертор Кентавр СВ-250ТП","1939.0000","","1","50.0000"
"паяльники","ag 48648","Паяльник для пластиковых труб Кентавр ТСА-2000ГМ6","1030.0000","","1","50.0000"
"паяльники","ag 48649Р","Паяльник для пластиковых труб Кентавр ТСА-1500ГМ6","718.0000","","1","50.0000"
"паяльники","ag 48650","Паяльник для пластиковых труб Кентавр ТСА-1200ГП6","555.0000","","1","50.0000"
"паяльники","ag 48651","Паяльник для пластиковых труб Кентавр ТСА-1000ГП3","328.0000","","1","48.0000"
"конвекторы","ag 49004","Конвектор Element CE-2012MB","749.0000","","1","50.0000"
"бензиновые генераторы","ag 49528","Бензогенератор Кентавр КБГ-202а","4148.0000","","1","50.0000"
"сварочные маски","ag 50191","Сварочная маска Кентавр СМ-102 хамелеон","315.0000","","1","50.0000"
"сварочные маски","ag 50192","Сварочная маска Кентавр СМ-151 хамелеон","335.0000","","1","49.0000"
"бензиновые цепные пилы","ag 50193","Бензопила Vitals Professional BKZ 5825rm","3288.0000","","1","50.0000"
"сварочные инверторы mma","ag 50438","Сварочный аппарат инвертор Кентавр СВ-250ТПК","2050.0000","","1","50.0000"
"мотокосы","ag 50490","Мотокоса Vitals BK4319o","2065.0000","","1","50.0000"
"мотокосы","ag 50491","Мотокоса Vitals BK4925o","2158.0000","","1","50.0000"
"бензиновые цепные пилы","ag 50572","Бензопила Vitals Professional BKZ 5022rm (18"")","3098.0000","","1","50.0000"
"электрические цепные пилы","ag 50603","Электропила Кентавр СП-204ТМ","1314.0000","","1","50.0000"
"сварочные инверторы mma/mig","ag 50605","Сварочный аппарат инвертор Кентавр СПАВ-200Н","5387.0000","","1","5.0000"
"сварочные инверторы mma/mig","ag 50606","Сварочный аппарат инвертор Кентавр СПАВ-250НДР","6115.0000","","1","50.0000"
"сварочные инверторы mma/mig","ag 50607","Сварочный аппарат инвертор Кентавр СПАВ-250Н","5678.0000","","1","50.0000"
"заточные станки","ag 50652","Точильный станок Кентавр БТ-125С","523.0000","","1","49.0000"
"заточные станки","ag 50653","Точильный станок Кентавр БТ-125СК","592.0000","","1","50.0000"
"заточные станки","ag 50654","Точильный станок Кентавр БТА-150С","577.0000","","1","50.0000"
"заточные станки","ag 50655","Точильный станок Кентавр БТА-150СК","643.0000","","1","50.0000"
"заточные станки","ag 50656","Точильный станок Кентавр БТА-200СК","957.0000","","1","50.0000"
"мотокосы","ag 50804","Мотокоса Vitals BK4323t","1972.0000","","1","5.0000"
"мотокосы","ag 50805","Мотокоса Vitals BK5225t","2064.0000","","1","50.0000"
"триммеры","ag 51313","Триммер электрический Vitals EZT 032s","408.0000","","1","50.0000"
"электрические цепные пилы","ag 51314","Электропила Кентавр СП-244П","1689.0000","","1","50.0000"
"триммеры","ag 51316","Триммер электрический Vitals Master EZT 043s","687.0000","","1","50.0000"
"масла","ag 51441","Масло для 2-тактных двигателей Vitals OLEUM Semisynthetic","62.0000","","0","0.0000"
"масла","ag 51442","Масло для пильных цепей Vitals OLEUM Mineral","66.0000","","1","50.0000"
"масла","ag 51443","Масло для 4-тактных двигателей Vitals OLEUM Semisynthetic API SL/CF","76.0000","","1","50.0000"
"масла","ag 51444","Масло компрессорное Vitals OLEUM Mineral","66.0000","","1","50.0000"
